exit_time,direction,entry_price,exit_price,pnl_pips,pnl_dollars,reason,symbol
2025-06-11 15:00:00+00:00,LONG,0.64999,0.6534,34.11,195.9,tp,AUDUSD
2025-06-12 04:00:00+00:00,LONG,0.65068,0.64876,-19.24,-105.67,sl,AUDUSD
2025-06-13 04:00:00+00:00,SHORT,0.65257,0.64908,34.91,197.76,tp,AUDUSD
2025-06-23 21:00:00+00:00,LONG,0.64045,0.64553,50.79,202.92,tp,AUDUSD
2025-07-01 11:00:00+00:00,SHORT,0.65745,0.65902,-15.67,-109.59,sl,AUDUSD
2025-07-10 09:00:00+00:00,LONG,0.65139,0.65555,41.57,204.13,tp,AUDUSD
2025-07-14 15:00:00+00:00,SHORT,0.6592,0.6555,36.99,207.7,tp,AUDUSD
2025-07-18 11:00:00+00:00,LONG,0.64857,0.65132,27.47,210.36,tp,AUDUSD
2025-07-28 11:00:00+00:00,SHORT,0.65486,0.6518,30.62,215.04,tp,AUDUSD
2025-07-30 10:00:00+00:00,LONG,0.65144,0.6502,-12.44,-118.5,sl,AUDUSD
2025-07-30 16:00:00+00:00,SHORT,0.64865,0.64535,33.0,217.29,tp,AUDUSD
2025-08-01 16:00:00+00:00,LONG,0.64249,0.64636,38.68,222.25,tp,AUDUSD
2025-08-08 10:00:00+00:00,SHORT,0.65158,0.65335,-17.73,-119.95,sl,AUDUSD
2025-08-14 09:00:00+00:00,LONG,0.65542,0.65428,-11.39,-121.22,sl,AUDUSD
2025-08-19 16:00:00+00:00,SHORT,0.64997,0.64755,24.21,219.44,tp,AUDUSD
2025-08-22 18:00:00+00:00,LONG,0.64279,0.64633,35.4,225.8,tp,AUDUSD
2025-09-02 11:00:00+00:00,SHORT,0.65415,0.65161,25.44,228.41,tp,AUDUSD
2025-09-05 16:00:00+00:00,LONG,0.65418,0.65658,24.02,232.46,tp,AUDUSD
2025-09-12 15:00:00+00:00,SHORT,0.66595,0.66372,22.35,236.45,tp,AUDUSD
2025-09-24 09:00:00+00:00,LONG,0.65956,0.66236,28.05,242.61,tp,AUDUSD
2025-09-25 16:00:00+00:00,SHORT,0.65813,0.65514,29.91,247.74,tp,AUDUSD
2025-10-15 05:00:00+00:00,LONG,0.64609,0.6507,46.14,254.7,tp,AUDUSD
2025-10-16 21:00:00+00:00,SHORT,0.65064,0.64721,34.33,258.34,tp,AUDUSD
2025-10-21 05:00:00+00:00,LONG,0.6517,0.65066,-10.45,-143.45,sl,AUDUSD
2025-10-24 15:00:00+00:00,SHORT,0.65075,0.65184,-10.92,-141.54,sl,AUDUSD
2025-10-27 00:00:00+00:00,LONG,0.65014,0.65292,27.84,256.57,tp,AUDUSD
2025-10-29 21:00:00+00:00,SHORT,0.66105,0.65706,39.9,263.61,tp,AUDUSD
2025-11-13 02:00:00+00:00,LONG,0.65229,0.65508,27.86,266.72,tp,AUDUSD
2025-11-19 19:00:00+00:00,SHORT,0.64907,0.6458,32.68,272.95,tp,AUDUSD
2025-12-01 15:00:00+00:00,LONG,0.6538,0.65631,25.14,276.46,tp,AUDUSD
2025-12-09 06:00:00+00:00,SHORT,0.6629,0.66405,-11.47,-153.8,sl,AUDUSD
2025-12-10 21:00:00+00:00,LONG,0.66268,0.66567,29.87,280.12,tp,AUDUSD
2025-12-12 18:00:00+00:00,SHORT,0.66651,0.6639,26.1,284.6,tp,AUDUSD
2025-12-22 09:00:00+00:00,LONG,0.66062,0.66302,23.98,289.43,tp,AUDUSD
2025-05-29 16:00:00+00:00,LONG,1.1272,1.13551,83.1,198.32,tp,EURUSD
2025-06-06 16:00:00+00:00,SHORT,1.14168,1.13773,39.54,200.35,tp,EURUSD
2025-06-12 13:00:00+00:00,LONG,1.15451,1.15988,53.66,205.26,tp,EURUSD
2025-06-13 04:00:00+00:00,SHORT,1.16074,1.15427,64.69,209.78,tp,EURUSD
2025-06-23 20:00:00+00:00,LONG,1.14906,1.1558,67.44,214.03,tp,EURUSD
2025-07-03 16:00:00+00:00,SHORT,1.17838,1.17397,44.12,217.06,tp,EURUSD
2025-07-17 15:00:00+00:00,LONG,1.15933,1.15567,-36.56,-114.6,sl,EURUSD
2025-07-21 17:00:00+00:00,LONG,1.16464,1.16817,35.34,218.19,tp,EURUSD
2025-07-24 15:00:00+00:00,SHORT,1.17695,1.17404,29.14,221.52,tp,EURUSD
2025-07-30 14:00:00+00:00,LONG,1.15517,1.15273,-24.41,-119.02,sl,EURUSD
2025-07-30 16:00:00+00:00,SHORT,1.15303,1.14771,53.23,226.01,tp,EURUSD
2025-08-01 16:00:00+00:00,LONG,1.14057,1.14843,78.56,231.46,tp,EURUSD
2025-08-11 14:00:00+00:00,SHORT,1.16632,1.16325,30.69,232.73,tp,EURUSD
2025-08-12 16:00:00+00:00,LONG,1.16061,1.16479,41.76,238.75,tp,EURUSD
2025-08-14 11:00:00+00:00,SHORT,1.17003,1.16765,23.79,240.31,tp,EURUSD
2025-08-21 16:00:00+00:00,LONG,1.16431,1.16239,-19.22,-130.8,sl,EURUSD
2025-08-22 17:00:00+00:00,SHORT,1.16077,1.16245,-16.78,-130.1,sl,EURUSD
2025-08-22 18:00:00+00:00,LONG,1.16014,1.1658,56.64,244.13,tp,EURUSD
2025-08-25 20:00:00+00:00,SHORT,1.16892,1.16473,41.91,247.86,tp,EURUSD
2025-08-27 11:00:00+00:00,LONG,1.16156,1.15891,-26.46,-131.91,sl,EURUSD
2025-08-29 17:00:00+00:00,SHORT,1.16737,1.16927,-19.01,-131.88,sl,EURUSD
2025-09-01 05:00:00+00:00,LONG,1.16707,1.17118,41.08,247.46,tp,EURUSD
2025-09-02 08:00:00+00:00,SHORT,1.17139,1.16895,24.39,249.33,tp,EURUSD
2025-09-03 17:00:00+00:00,LONG,1.16367,1.16686,31.89,255.94,tp,EURUSD
2025-09-12 15:00:00+00:00,SHORT,1.17395,1.17129,26.55,259.77,tp,EURUSD
2025-09-18 16:00:00+00:00,LONG,1.17952,1.17593,-35.89,-138.65,sl,EURUSD
2025-09-25 16:00:00+00:00,SHORT,1.17391,1.16985,40.63,264.59,tp,EURUSD
2025-10-01 09:00:00+00:00,LONG,1.173,1.17693,39.32,269.63,tp,EURUSD
2025-10-06 10:00:00+00:00,SHORT,1.17161,1.16811,34.95,274.3,tp,EURUSD
2025-10-10 19:00:00+00:00,LONG,1.15794,1.16251,45.69,281.02,tp,EURUSD
2025-10-14 17:00:00+00:00,SHORT,1.15691,1.1587,-17.94,-151.19,sl,EURUSD
2025-10-16 20:00:00+00:00,LONG,1.16468,1.16855,38.74,282.79,tp,EURUSD
2025-10-21 11:00:00+00:00,SHORT,1.1644,1.16172,26.83,285.99,tp,EURUSD
2025-10-30 14:00:00+00:00,LONG,1.16165,1.15918,-24.69,-153.93,sl,EURUSD
2025-10-30 15:00:00+00:00,SHORT,1.15968,1.15516,45.19,291.7,tp,EURUSD
2025-11-11 16:00:00+00:00,LONG,1.15713,1.1604,32.72,295.66,tp,EURUSD
2025-11-28 10:00:00+00:00,SHORT,1.1593,1.15706,22.35,298.39,tp,EURUSD
2025-12-01 12:00:00+00:00,LONG,1.15854,1.16247,39.34,308.42,tp,EURUSD
2025-12-09 11:00:00+00:00,SHORT,1.1639,1.16547,-15.7,-167.23,sl,EURUSD
2025-12-10 10:00:00+00:00,LONG,1.16365,1.1655,18.49,304.84,tp,EURUSD
2025-12-17 17:00:00+00:00,SHORT,1.17281,1.17454,-17.28,-168.0,sl,EURUSD
2025-12-18 16:00:00+00:00,LONG,1.17149,1.17498,34.91,313.16,tp,EURUSD
2025-12-24 03:00:00+00:00,SHORT,1.17884,1.18025,-14.13,-170.98,sl,EURUSD
2025-06-02 10:00:00+00:00,LONG,1.35027,1.3552,49.35,197.16,tp,GBPUSD
2025-06-06 12:00:00+00:00,SHORT,1.35651,1.3533,32.14,199.5,tp,GBPUSD
2025-06-10 09:00:00+00:00,LONG,1.35326,1.35065,-26.1,-106.76,sl,GBPUSD
2025-06-16 16:00:00+00:00,LONG,1.35482,1.36005,52.29,203.04,tp,GBPUSD
2025-06-17 19:00:00+00:00,SHORT,1.35426,1.34868,55.78,207.23,tp,GBPUSD
2025-06-23 20:00:00+00:00,LONG,1.34257,1.35076,81.94,212.18,tp,GBPUSD
2025-07-02 15:00:00+00:00,SHORT,1.37023,1.36533,49.01,215.13,tp,GBPUSD
2025-07-21 11:00:00+00:00,LONG,1.3424,1.3459,34.99,218.1,tp,GBPUSD
2025-07-30 16:00:00+00:00,SHORT,1.33719,1.33194,52.52,223.89,tp,GBPUSD
2025-08-01 16:00:00+00:00,LONG,1.31593,1.32399,80.57,229.38,tp,GBPUSD
2025-08-11 14:00:00+00:00,SHORT,1.3467,1.34361,30.9,230.63,tp,GBPUSD
2025-08-13 11:00:00+00:00,LONG,1.35168,1.35483,31.5,235.24,tp,GBPUSD
2025-09-02 11:00:00+00:00,SHORT,1.35298,1.34773,52.52,242.03,tp,GBPUSD
2025-09-03 12:00:00+00:00,LONG,1.33672,1.34163,49.07,246.57,tp,GBPUSD
2025-09-12 15:00:00+00:00,SHORT,1.35625,1.35298,32.66,249.6,tp,GBPUSD
2025-09-15 11:00:00+00:00,LONG,1.3563,1.35944,31.41,254.26,tp,GBPUSD
2025-09-18 07:00:00+00:00,SHORT,1.36655,1.36067,58.84,261.99,tp,GBPUSD
2025-09-18 16:00:00+00:00,LONG,1.35958,1.35609,-34.86,-137.91,sl,GBPUSD
2025-09-19 09:00:00+00:00,SHORT,1.35934,1.35204,73.01,265.06,tp,GBPUSD
2025-10-01 11:00:00+00:00,LONG,1.34416,1.34781,36.51,267.69,tp,GBPUSD
2025-10-02 17:00:00+00:00,SHORT,1.34644,1.34208,43.65,273.82,tp,GBPUSD
2025-10-03 17:00:00+00:00,LONG,1.34346,1.34709,36.26,278.28,tp,GBPUSD
2025-10-06 10:00:00+00:00,SHORT,1.34357,1.34608,-25.12,-148.69,sl,GBPUSD
2025-10-08 17:00:00+00:00,LONG,1.3398,1.3432,33.96,280.45,tp,GBPUSD
2025-10-09 09:00:00+00:00,SHORT,1.34196,1.33693,50.34,287.9,tp,GBPUSD
2025-10-14 10:00:00+00:00,LONG,1.33037,1.32705,-33.21,-151.99,sl,GBPUSD
2025-10-16 03:00:00+00:00,LONG,1.33661,1.34198,53.68,290.83,tp,GBPUSD
2025-10-17 11:00:00+00:00,SHORT,1.3454,1.34114,42.6,295.55,tp,GBPUSD
2025-10-24 11:00:00+00:00,LONG,1.33186,1.33058,-12.78,-161.59,sl,GBPUSD
2025-10-28 10:00:00+00:00,SHORT,1.3351,1.33196,31.41,296.42,tp,GBPUSD
2025-11-05 13:00:00+00:00,LONG,1.30281,1.30121,-16.03,-161.3,sl,GBPUSD
2025-11-07 16:00:00+00:00,SHORT,1.31237,1.3139,-15.29,-159.94,sl,GBPUSD
2025-11-13 10:00:00+00:00,LONG,1.31226,1.3156,33.36,296.32,tp,GBPUSD
2025-11-26 14:00:00+00:00,SHORT,1.32104,1.31338,76.61,305.78,tp,GBPUSD
2025-12-01 21:00:00+00:00,LONG,1.32346,1.32087,-25.85,-161.62,sl,GBPUSD
2025-12-17 10:00:00+00:00,SHORT,1.33743,1.33254,48.92,307.03,tp,GBPUSD
2025-12-18 15:00:00+00:00,LONG,1.33637,1.34281,64.39,314.17,tp,GBPUSD
2025-06-03 09:00:00+00:00,SHORT,0.6038,0.5998,39.92,196.49,tp,NZDUSD
2025-06-12 10:00:00+00:00,LONG,0.60294,0.60104,-19.0,-105.72,sl,NZDUSD
2025-06-13 04:00:00+00:00,SHORT,0.60636,0.60293,34.39,197.71,tp,NZDUSD
2025-06-23 20:00:00+00:00,LONG,0.59149,0.5966,51.19,202.96,tp,NZDUSD
2025-07-02 20:00:00+00:00,SHORT,0.60714,0.6084,-12.61,-110.74,sl,NZDUSD
2025-07-22 19:00:00+00:00,LONG,0.5972,0.60009,28.93,202.59,tp,NZDUSD
2025-07-28 20:00:00+00:00,SHORT,0.59982,0.59683,29.94,206.72,tp,NZDUSD
2025-07-30 14:00:00+00:00,LONG,0.59558,0.59445,-11.29,-114.59,sl,NZDUSD
2025-07-30 16:00:00+00:00,SHORT,0.59446,0.59161,28.59,208.28,tp,NZDUSD
2025-08-01 16:00:00+00:00,LONG,0.58648,0.59034,38.59,213.73,tp,NZDUSD
2025-08-19 18:00:00+00:00,SHORT,0.59251,0.59006,24.54,215.62,tp,NZDUSD
2025-08-22 18:00:00+00:00,LONG,0.58122,0.58464,34.29,221.64,tp,NZDUSD
2025-09-02 06:00:00+00:00,SHORT,0.5902,0.58865,15.51,220.28,tp,NZDUSD
2025-09-05 15:00:00+00:00,LONG,0.5858,0.58811,23.06,227.96,tp,NZDUSD
2025-09-12 15:00:00+00:00,SHORT,0.59676,0.59481,19.54,231.07,tp,NZDUSD
2025-10-01 10:00:00+00:00,LONG,0.5792,0.58111,19.14,235.34,tp,NZDUSD
2025-10-08 05:00:00+00:00,SHORT,0.57928,0.57638,29.01,242.98,tp,NZDUSD
2025-10-15 05:00:00+00:00,LONG,0.5699,0.57266,27.6,247.41,tp,NZDUSD
2025-10-20 18:00:00+00:00,SHORT,0.57368,0.57534,-16.51,-134.88,sl,NZDUSD
2025-10-27 08:00:00+00:00,LONG,0.57436,0.57695,25.89,249.17,tp,NZDUSD
2025-10-29 21:00:00+00:00,SHORT,0.5789,0.57536,35.44,255.92,tp,NZDUSD
2025-11-13 08:00:00+00:00,LONG,0.56488,0.56378,-10.92,-141.63,sl,NZDUSD
2025-11-13 10:00:00+00:00,LONG,0.56489,0.56762,27.39,256.63,tp,NZDUSD
2025-11-14 05:00:00+00:00,SHORT,0.56709,0.56887,-17.8,-139.53,sl,NZDUSD
2025-11-17 09:00:00+00:00,SHORT,0.5674,0.56858,-11.89,-140.67,sl,NZDUSD
2025-11-17 12:00:00+00:00,LONG,0.56752,0.56651,-10.04,-140.61,sl,NZDUSD
2025-11-19 05:00:00+00:00,SHORT,0.56572,0.56326,24.62,252.69,tp,NZDUSD
2025-11-20 18:00:00+00:00,LONG,0.56136,0.55998,-13.87,-139.26,sl,NZDUSD
2025-12-09 05:00:00+00:00,SHORT,0.57728,0.57862,-13.49,-137.98,sl,NZDUSD
2025-12-10 22:00:00+00:00,LONG,0.5782,0.58108,28.84,253.29,tp,NZDUSD
2025-12-15 04:00:00+00:00,SHORT,0.58101,0.57872,22.95,256.59,tp,NZDUSD
2025-12-19 09:00:00+00:00,LONG,0.57648,0.5752,-12.71,-142.33,sl,NZDUSD
2025-06-18 15:00:00+00:00,SHORT,5.52435,5.54898,-246.32,-103.04,sl,USDBRL
2025-06-20 21:00:00+00:00,SHORT,5.54075,5.56646,-257.14,-101.86,sl,USDBRL
2025-06-25 18:00:00+00:00,LONG,5.54665,5.5999,532.5,193.14,tp,USDBRL
2025-06-26 20:00:00+00:00,SHORT,5.59375,5.53671,570.43,197.14,tp,USDBRL
2025-06-30 18:00:00+00:00,SHORT,5.52935,5.47756,517.93,200.76,tp,USDBRL
2025-07-07 19:00:00+00:00,SHORT,5.49465,5.52677,-321.21,-106.29,sl,USDBRL
2025-07-09 20:00:00+00:00,SHORT,5.49355,5.51884,-252.86,-105.85,sl,USDBRL
2025-07-10 15:00:00+00:00,LONG,5.49445,5.54862,541.71,200.66,tp,USDBRL
2025-07-10 16:00:00+00:00,LONG,5.62365,5.5877,-359.46,-105.91,sl,USDBRL
2025-07-30 18:00:00+00:00,SHORT,5.61855,5.65914,-405.86,-104.59,sl,USDBRL
2025-07-30 21:00:00+00:00,SHORT,5.65795,5.60181,561.43,200.57,tp,USDBRL
2025-08-04 16:00:00+00:00,SHORT,5.63695,5.56064,763.07,205.26,tp,USDBRL
2025-08-07 21:00:00+00:00,SHORT,5.53045,5.49143,390.21,207.34,tp,USDBRL
2025-08-12 16:00:00+00:00,SHORT,5.48955,5.44706,424.93,211.74,tp,USDBRL
2025-08-14 19:00:00+00:00,SHORT,5.44535,5.47039,-250.39,-113.18,sl,USDBRL
2025-08-18 15:00:00+00:00,SHORT,5.43815,5.46211,-239.57,-112.16,sl,USDBRL
2025-08-19 16:00:00+00:00,LONG,5.48665,5.52179,351.43,210.68,tp,USDBRL
2025-08-22 17:00:00+00:00,SHORT,5.52125,5.47304,482.14,216.07,tp,USDBRL
2025-08-22 18:00:00+00:00,SHORT,5.51655,5.46437,521.79,220.59,tp,USDBRL
2025-08-26 19:00:00+00:00,SHORT,5.46355,5.48608,-225.32,-117.91,sl,USDBRL
2025-08-27 19:00:00+00:00,LONG,5.47615,5.46051,-156.43,-118.35,sl,USDBRL
2025-09-02 15:00:00+00:00,LONG,5.46365,5.50387,402.21,219.33,tp,USDBRL
2025-09-02 16:00:00+00:00,LONG,5.53205,5.50569,-263.57,-117.18,sl,USDBRL
2025-09-03 17:00:00+00:00,SHORT,5.53445,5.47571,587.36,222.66,tp,USDBRL
2025-09-05 15:00:00+00:00,SHORT,5.50925,5.46978,394.71,225.62,tp,USDBRL
2025-09-08 16:00:00+00:00,SHORT,5.45685,5.4783,-214.5,-121.35,sl,USDBRL
2025-09-11 16:00:00+00:00,LONG,5.45625,5.42989,-263.57,-119.34,sl,USDBRL
2025-09-12 18:00:00+00:00,SHORT,5.42765,5.39514,325.07,224.39,tp,USDBRL
2025-09-16 15:00:00+00:00,SHORT,5.37745,5.33997,374.79,229.49,tp,USDBRL
2025-09-16 17:00:00+00:00,SHORT,5.34145,5.35992,-184.71,-124.23,sl,USDBRL
2025-09-19 15:00:00+00:00,LONG,5.33355,5.37234,387.86,231.72,tp,USDBRL
2025-09-23 17:00:00+00:00,SHORT,5.37125,5.33581,354.43,235.82,tp,USDBRL
2025-09-25 15:00:00+00:00,SHORT,5.35595,5.37585,-198.96,-127.45,sl,USDBRL
2025-09-25 21:00:00+00:00,LONG,5.36615,5.40521,390.64,238.42,tp,USDBRL
2025-10-01 15:00:00+00:00,SHORT,5.37215,5.33801,341.36,242.41,tp,USDBRL
2025-10-02 18:00:00+00:00,LONG,5.36045,5.40284,423.86,248.23,tp,USDBRL
2025-10-03 15:00:00+00:00,LONG,5.39445,5.37254,-219.11,-133.24,sl,USDBRL
2025-10-06 16:00:00+00:00,LONG,5.37925,5.35779,-214.61,-131.96,sl,USDBRL
2025-10-07 16:00:00+00:00,LONG,5.38625,5.36665,-195.96,-131.01,sl,USDBRL
2025-10-08 20:00:00+00:00,SHORT,5.37885,5.39518,-163.29,-130.61,sl,USDBRL
2025-10-09 16:00:00+00:00,SHORT,5.38925,5.40436,-151.07,-129.7,sl,USDBRL
2025-10-09 21:00:00+00:00,LONG,5.38385,5.41773,338.79,239.12,tp,USDBRL
2025-10-10 16:00:00+00:00,LONG,5.41955,5.4566,370.5,244.27,tp,USDBRL
2025-10-10 17:00:00+00:00,LONG,5.43475,5.49278,580.29,250.92,tp,USDBRL
2025-10-16 17:00:00+00:00,LONG,5.50055,5.46469,-358.61,-132.32,sl,USDBRL
2025-10-29 14:00:00+00:00,SHORT,5.43715,5.39093,462.21,252.41,tp,USDBRL
2025-10-30 14:00:00+00:00,SHORT,5.39605,5.4096,-135.54,-138.05,sl,USDBRL
2025-11-03 15:00:00+00:00,LONG,5.42275,5.4043,-184.5,-134.69,sl,USDBRL
2025-11-04 15:00:00+00:00,SHORT,5.39735,5.41591,-185.57,-133.26,sl,USDBRL
2025-11-05 16:00:00+00:00,LONG,5.43685,5.41515,-216.96,-131.13,sl,USDBRL
2025-11-06 15:00:00+00:00,SHORT,5.41795,5.37822,397.29,246.15,tp,USDBRL
2025-11-06 16:00:00+00:00,SHORT,5.37645,5.3926,-161.46,-133.84,sl,USDBRL
2025-11-10 15:00:00+00:00,LONG,5.37995,5.36259,-173.57,-132.03,sl,USDBRL
2025-11-12 15:00:00+00:00,SHORT,5.34905,5.31789,311.57,244.46,tp,USDBRL
2025-11-12 16:00:00+00:00,SHORT,5.31145,5.3261,-146.46,-134.23,sl,USDBRL
2025-11-13 16:00:00+00:00,SHORT,5.31555,5.32869,-131.36,-133.56,sl,USDBRL
2025-11-14 15:00:00+00:00,LONG,5.32045,5.34837,279.21,243.31,tp,USDBRL
2025-11-17 20:00:00+00:00,SHORT,5.34395,5.35874,-147.86,-133.91,sl,USDBRL
2025-11-21 15:00:00+00:00,LONG,5.36065,5.39575,351.0,246.82,tp,USDBRL
2025-11-21 17:00:00+00:00,LONG,5.41925,5.46136,421.07,252.56,tp,USDBRL
2025-11-25 15:00:00+00:00,LONG,5.43965,5.41541,-242.36,-135.16,sl,USDBRL
2025-11-25 16:00:00+00:00,SHORT,5.39645,5.41695,-204.96,-134.49,sl,USDBRL
2025-11-26 17:00:00+00:00,LONG,5.41385,5.39272,-211.29,-132.96,sl,USDBRL
2025-11-28 16:00:00+00:00,SHORT,5.41135,5.36421,471.43,250.1,tp,USDBRL
2025-12-03 15:00:00+00:00,LONG,5.36765,5.34902,-186.32,-134.79,sl,USDBRL
2025-12-05 15:00:00+00:00,SHORT,5.34305,5.35838,-153.32,-134.5,sl,USDBRL
2025-12-05 17:00:00+00:00,LONG,5.35815,5.38959,314.36,247.71,tp,USDBRL
2025-12-05 18:00:00+00:00,LONG,5.38075,5.42226,415.07,254.04,tp,USDBRL
2025-12-05 20:00:00+00:00,LONG,5.41395,5.46709,531.43,260.07,tp,USDBRL
2025-12-12 16:00:00+00:00,LONG,5.45505,5.41589,-391.61,-137.07,sl,USDBRL
2025-12-16 15:00:00+00:00,LONG,5.42335,5.47999,566.36,262.73,tp,USDBRL
2025-12-17 15:00:00+00:00,LONG,5.46745,5.51556,481.07,267.28,tp,USDBRL
2025-12-22 17:00:00+00:00,LONG,5.54595,5.59659,506.36,272.75,tp,USDBRL
2025-12-23 17:00:00+00:00,LONG,5.59965,5.57593,-237.21,-145.62,sl,USDBRL
2025-12-26 17:00:00+00:00,LONG,5.59935,5.57256,-267.86,-143.61,sl,USDBRL
2025-05-30 17:00:00+00:00,SHORT,1.38269,1.37768,50.1,196.27,tp,USDCAD
2025-06-06 15:00:00+00:00,LONG,1.36694,1.36911,21.77,195.18,tp,USDCAD
2025-06-12 09:00:00+00:00,SHORT,1.36788,1.36473,31.52,201.68,tp,USDCAD
2025-06-13 04:00:00+00:00,LONG,1.35974,1.36355,38.19,206.68,tp,USDCAD
2025-06-16 16:00:00+00:00,SHORT,1.36006,1.35572,43.44,211.36,tp,USDCAD
2025-06-17 17:00:00+00:00,LONG,1.35632,1.35936,30.45,213.47,tp,USDCAD
2025-06-26 19:00:00+00:00,SHORT,1.36697,1.3625,44.7,219.81,tp,USDCAD
2025-06-27 21:00:00+00:00,LONG,1.36744,1.37318,57.43,225.17,tp,USDCAD
2025-07-02 22:00:00+00:00,SHORT,1.36442,1.35903,53.81,229.34,tp,USDCAD
2025-07-03 16:00:00+00:00,LONG,1.35911,1.35759,-15.14,-126.33,sl,USDCAD
2025-07-03 17:00:00+00:00,SHORT,1.36157,1.35762,39.51,229.89,tp,USDCAD
2025-07-04 15:00:00+00:00,LONG,1.35688,1.35987,29.83,232.54,tp,USDCAD
2025-07-10 16:00:00+00:00,SHORT,1.36843,1.36969,-12.56,-131.44,sl,USDCAD
2025-07-11 04:00:00+00:00,LONG,1.36568,1.37044,47.68,237.33,tp,USDCAD
2025-07-16 19:00:00+00:00,SHORT,1.37398,1.36966,43.11,241.48,tp,USDCAD
2025-07-18 03:00:00+00:00,LONG,1.37498,1.37323,-17.48,-132.54,sl,USDCAD
2025-07-18 20:00:00+00:00,SHORT,1.37205,1.3733,-12.41,-133.86,sl,USDCAD
2025-07-23 16:00:00+00:00,LONG,1.35796,1.3611,31.5,239.02,tp,USDCAD
2025-08-01 16:00:00+00:00,SHORT,1.38696,1.38172,52.33,246.62,tp,USDCAD
2025-08-06 03:00:00+00:00,LONG,1.37826,1.37669,-15.77,-135.59,sl,USDCAD
2025-08-22 18:00:00+00:00,SHORT,1.39181,1.38811,37.07,246.94,tp,USDCAD
2025-08-29 15:00:00+00:00,LONG,1.37418,1.37654,23.64,248.06,tp,USDCAD
2025-09-02 10:00:00+00:00,SHORT,1.37604,1.37796,-19.2,-138.01,sl,USDCAD
2025-09-11 16:00:00+00:00,SHORT,1.3887,1.386,27.06,251.48,tp,USDCAD
2025-10-02 18:00:00+00:00,LONG,1.39562,1.39834,27.13,256.36,tp,USDCAD
2025-10-03 19:00:00+00:00,SHORT,1.39615,1.39416,19.97,257.97,tp,USDCAD
2025-10-09 16:00:00+00:00,LONG,1.39429,1.39653,22.44,264.31,tp,USDCAD
2025-10-10 16:00:00+00:00,SHORT,1.40163,1.39854,30.96,272.59,tp,USDCAD
2025-10-20 15:00:00+00:00,LONG,1.40157,1.40426,26.91,276.58,tp,USDCAD
2025-10-21 18:00:00+00:00,SHORT,1.40456,1.40176,28.01,282.31,tp,USDCAD
2025-10-24 14:00:00+00:00,LONG,1.39936,1.4026,32.49,289.14,tp,USDCAD
2025-10-28 17:00:00+00:00,SHORT,1.39854,1.39566,28.71,293.61,tp,USDCAD
2025-10-29 15:00:00+00:00,LONG,1.39298,1.39177,-12.17,-166.54,sl,USDCAD
2025-11-07 16:00:00+00:00,SHORT,1.41104,1.40802,30.28,296.58,tp,USDCAD
2025-11-18 14:00:00+00:00,LONG,1.40386,1.40231,-15.48,-165.38,sl,USDCAD
2025-11-18 18:00:00+00:00,SHORT,1.40248,1.39993,25.46,297.33,tp,USDCAD
2025-11-19 18:00:00+00:00,LONG,1.4009,1.40394,30.34,304.91,tp,USDCAD
2025-11-26 19:00:00+00:00,SHORT,1.40822,1.40478,34.48,312.01,tp,USDCAD
2025-11-27 23:00:00+00:00,LONG,1.40366,1.40274,-9.18,-180.08,sl,USDCAD
2025-11-28 15:00:00+00:00,SHORT,1.40342,1.40058,28.46,312.72,tp,USDCAD
2025-12-02 16:00:00+00:00,LONG,1.39992,1.39904,-8.87,-182.13,sl,USDCAD
2025-12-05 15:00:00+00:00,SHORT,1.39516,1.392,31.56,316.3,tp,USDCAD
2025-12-08 20:00:00+00:00,LONG,1.3822,1.38562,34.2,323.2,tp,USDCAD
2025-12-09 16:00:00+00:00,SHORT,1.3853,1.38336,19.48,322.5,tp,USDCAD
2025-12-12 18:00:00+00:00,LONG,1.37576,1.37849,27.36,333.4,tp,USDCAD
2025-12-15 20:00:00+00:00,SHORT,1.37644,1.37773,-12.87,-188.68,sl,USDCAD
2025-05-30 04:00:00+00:00,SHORT,0.82838,0.82135,70.33,198.19,tp,USDCHF
2025-06-11 15:00:00+00:00,LONG,0.82155,0.82014,-14.04,-106.61,sl,USDCHF
2025-06-13 11:00:00+00:00,SHORT,0.81006,0.81238,-23.15,-103.69,sl,USDCHF
2025-07-03 16:00:00+00:00,LONG,0.79348,0.79696,34.84,196.11,tp,USDCHF
2025-07-23 10:00:00+00:00,SHORT,0.79552,0.79177,37.52,200.23,tp,USDCHF
2025-07-28 11:00:00+00:00,LONG,0.79616,0.79937,32.19,203.58,tp,USDCHF
2025-08-01 16:00:00+00:00,SHORT,0.81598,0.8098,61.86,209.58,tp,USDCHF
2025-08-05 17:00:00+00:00,LONG,0.8095,0.80804,-14.68,-112.65,sl,USDCHF
2025-08-13 11:00:00+00:00,SHORT,0.80568,0.8032,24.88,208.23,tp,USDCHF
2025-09-02 10:00:00+00:00,LONG,0.80036,0.8027,23.46,211.95,tp,USDCHF
2025-09-03 18:00:00+00:00,SHORT,0.80516,0.80285,23.12,215.99,tp,USDCHF
2025-09-12 15:00:00+00:00,LONG,0.79622,0.79797,17.55,218.21,tp,USDCHF
2025-09-16 10:00:00+00:00,SHORT,0.79336,0.79175,16.18,221.7,tp,USDCHF
2025-09-18 07:00:00+00:00,LONG,0.78672,0.7904,36.77,231.15,tp,USDCHF
2025-09-18 16:00:00+00:00,SHORT,0.79114,0.79333,-21.86,-123.41,sl,USDCHF
2025-09-22 07:00:00+00:00,LONG,0.7942,0.79712,29.1,232.18,tp,USDCHF
2025-09-23 10:00:00+00:00,SHORT,0.79189,0.79301,-11.13,-127.92,sl,USDCHF
2025-09-25 15:00:00+00:00,LONG,0.79544,0.79728,18.36,231.16,tp,USDCHF
2025-10-01 10:00:00+00:00,SHORT,0.79586,0.79297,28.84,238.69,tp,USDCHF
2025-10-06 10:00:00+00:00,LONG,0.79618,0.79899,28.16,243.23,tp,USDCHF
2025-10-10 19:00:00+00:00,SHORT,0.80467,0.8012,34.74,249.07,tp,USDCHF
2025-10-13 17:00:00+00:00,LONG,0.80106,0.80525,41.81,254.76,tp,USDCHF
2025-10-14 10:00:00+00:00,SHORT,0.80346,0.80442,-9.56,-140.68,sl,USDCHF
2025-10-29 15:00:00+00:00,LONG,0.7956,0.79773,21.39,253.21,tp,USDCHF
2025-11-05 12:00:00+00:00,SHORT,0.8095,0.81087,-13.7,-139.2,sl,USDCHF
2025-11-19 17:00:00+00:00,LONG,0.80147,0.8045,30.3,257.73,tp,USDCHF
2025-12-01 18:00:00+00:00,SHORT,0.80228,0.80367,-13.94,-140.33,sl,USDCHF
2025-12-08 17:00:00+00:00,LONG,0.80435,0.80696,26.14,259.14,tp,USDCHF
2025-12-10 10:00:00+00:00,SHORT,0.8055,0.8041,14.04,258.51,tp,USDCHF
2025-12-17 15:00:00+00:00,LONG,0.7964,0.79515,-12.52,-144.99,sl,USDCHF
2025-12-23 11:00:00+00:00,SHORT,0.7903,0.7882,20.96,264.77,tp,USDCHF
2025-06-04 17:00:00+00:00,SHORT,144.261,143.24593,101.51,198.47,tp,USDJPY
2025-06-06 16:00:00+00:00,LONG,144.165,144.8535,68.85,201.67,tp,USDJPY
2025-06-11 21:00:00+00:00,SHORT,145.271,144.43357,83.74,206.07,tp,USDJPY
2025-06-23 01:00:00+00:00,LONG,146.685,146.36475,-32.02,-108.64,sl,USDJPY
2025-06-23 20:00:00+00:00,SHORT,147.298,146.20943,108.86,208.45,tp,USDJPY
2025-07-03 16:00:00+00:00,LONG,143.872,144.61407,74.21,211.88,tp,USDJPY
2025-07-10 07:00:00+00:00,SHORT,146.094,146.37129,-27.73,-112.24,sl,USDJPY
2025-07-11 05:00:00+00:00,LONG,146.287,146.86986,58.29,213.23,tp,USDJPY
2025-07-14 18:00:00+00:00,SHORT,147.286,147.64493,-35.89,-112.58,sl,USDJPY
2025-07-15 17:00:00+00:00,LONG,147.901,148.58736,68.64,215.65,tp,USDJPY
2025-07-21 01:00:00+00:00,SHORT,147.952,148.31521,-36.32,-113.6,sl,USDJPY
2025-07-28 09:00:00+00:00,LONG,147.391,148.12407,73.31,217.83,tp,USDJPY
2025-07-30 10:00:00+00:00,SHORT,148.416,147.83893,57.71,221.5,tp,USDJPY
2025-07-30 19:00:00+00:00,LONG,148.32,149.11886,79.89,226.72,tp,USDJPY
2025-08-01 16:00:00+00:00,SHORT,150.508,149.48457,102.34,231.71,tp,USDJPY
2025-08-13 10:00:00+00:00,LONG,147.809,147.42189,-38.71,-121.45,sl,USDJPY
2025-08-14 04:00:00+00:00,SHORT,147.108,146.52107,58.69,232.57,tp,USDJPY
2025-08-14 19:00:00+00:00,LONG,146.959,147.87636,91.74,238.31,tp,USDJPY
2025-08-15 10:00:00+00:00,SHORT,147.673,146.99114,68.19,242.32,tp,USDJPY
2025-09-02 04:00:00+00:00,LONG,147.103,147.37514,27.21,242.81,tp,USDJPY
2025-09-05 15:00:00+00:00,SHORT,148.411,147.84379,56.72,251.32,tp,USDJPY
2025-09-08 10:00:00+00:00,LONG,148.13,147.67818,-45.18,-132.16,sl,USDJPY
2025-09-09 12:00:00+00:00,SHORT,147.117,146.56007,55.69,253.6,tp,USDJPY
2025-09-11 12:00:00+00:00,LONG,147.592,147.94643,35.44,256.51,tp,USDJPY
2025-09-11 16:00:00+00:00,SHORT,147.957,147.44743,50.96,263.32,tp,USDJPY
2025-09-12 12:00:00+00:00,LONG,147.467,147.953,48.6,268.3,tp,USDJPY
2025-09-19 07:00:00+00:00,SHORT,147.979,147.46814,51.09,273.8,tp,USDJPY
2025-09-25 16:00:00+00:00,LONG,148.846,149.39286,54.69,279.48,tp,USDJPY
2025-09-29 05:00:00+00:00,SHORT,149.403,148.91936,48.36,284.45,tp,USDJPY
2025-09-30 07:00:00+00:00,LONG,148.629,148.41439,-21.46,-152.73,sl,USDJPY
2025-10-01 09:00:00+00:00,SHORT,147.916,147.3265,58.95,287.88,tp,USDJPY
2025-10-03 04:00:00+00:00,LONG,147.166,147.664,49.8,292.84,tp,USDJPY
2025-10-07 14:00:00+00:00,SHORT,150.361,150.83661,-47.56,-154.15,sl,USDJPY
2025-10-15 04:00:00+00:00,LONG,151.952,151.47425,-47.78,-152.58,sl,USDJPY
2025-10-16 01:00:00+00:00,SHORT,151.552,150.89607,65.59,293.69,tp,USDJPY
2025-10-20 04:00:00+00:00,LONG,150.397,151.17014,77.31,300.04,tp,USDJPY
2025-10-23 03:00:00+00:00,SHORT,151.868,152.16564,-29.76,-158.58,sl,USDJPY
2025-10-24 15:00:00+00:00,LONG,152.658,152.433,-22.5,-158.24,sl,USDJPY
2025-10-29 02:00:00+00:00,SHORT,152.266,151.68121,58.48,298.72,tp,USDJPY
2025-10-30 08:00:00+00:00,LONG,152.265,153.15921,89.42,306.04,tp,USDJPY
2025-11-04 06:00:00+00:00,SHORT,154.318,153.92393,39.41,308.63,tp,USDJPY
2025-11-12 06:00:00+00:00,LONG,154.092,154.55229,46.03,315.59,tp,USDJPY
2025-11-14 15:00:00+00:00,SHORT,154.647,153.95143,69.56,323.67,tp,USDJPY
2025-11-19 12:00:00+00:00,LONG,155.646,156.12107,47.51,328.34,tp,USDJPY
2025-11-28 02:00:00+00:00,SHORT,156.211,156.47768,-26.67,-175.15,sl,USDJPY
2025-11-28 04:00:00+00:00,LONG,156.3,156.13189,-16.81,-176.23,sl,USDJPY
2025-12-05 09:00:00+00:00,SHORT,154.91,154.4015,50.85,328.24,tp,USDJPY
2025-12-10 22:00:00+00:00,LONG,156.424,156.09389,-33.01,-173.96,sl,USDJPY
2025-12-15 05:00:00+00:00,SHORT,155.886,155.33464,55.14,331.68,tp,USDJPY
2025-12-17 08:00:00+00:00,LONG,154.684,155.43357,74.96,339.5,tp,USDJPY
2025-12-26 02:00:00+00:00,SHORT,155.979,156.28243,-30.34,-179.41,sl,USDJPY
2025-12-26 19:00:00+00:00,LONG,156.119,156.66693,54.79,341.35,tp,USDJPY
2025-05-29 16:00:00+00:00,SHORT,19.39715,19.29496,1021.93,195.73,tp,USDMXN
2025-05-30 23:00:00+00:00,LONG,19.32165,19.41234,906.86,199.01,tp,USDMXN
2025-06-02 16:00:00+00:00,SHORT,19.28995,19.20891,810.43,202.3,tp,USDMXN
2025-06-06 17:00:00+00:00,LONG,19.12585,19.19232,664.71,204.98,tp,USDMXN
2025-06-11 17:00:00+00:00,SHORT,18.98755,18.92633,612.21,208.34,tp,USDMXN
2025-06-12 15:00:00+00:00,LONG,18.89775,18.86118,-365.68,-116.67,sl,USDMXN
2025-06-16 15:00:00+00:00,SHORT,18.94435,18.85032,940.29,212.82,tp,USDMXN
2025-06-17 15:00:00+00:00,LONG,18.86415,18.96238,982.29,217.2,tp,USDMXN
2025-06-23 21:00:00+00:00,SHORT,19.22495,19.10418,1207.71,222.38,tp,USDMXN
2025-07-08 17:00:00+00:00,LONG,18.63585,18.6867,508.5,221.01,tp,USDMXN
2025-07-08 21:00:00+00:00,SHORT,18.70025,18.60594,943.07,229.9,tp,USDMXN
2025-07-11 15:00:00+00:00,LONG,18.58825,18.69644,1081.93,235.1,tp,USDMXN
2025-07-14 16:00:00+00:00,SHORT,18.68425,18.71515,-309.0,-130.96,sl,USDMXN
2025-07-17 10:00:00+00:00,LONG,18.72965,18.79666,670.07,234.14,tp,USDMXN
2025-07-21 15:00:00+00:00,SHORT,18.69085,18.63471,561.43,237.12,tp,USDMXN
2025-07-23 16:00:00+00:00,LONG,18.63345,18.61085,-225.96,-137.86,sl,USDMXN
2025-07-30 14:00:00+00:00,SHORT,18.70295,18.72848,-255.32,-134.97,sl,USDMXN
2025-07-30 16:00:00+00:00,LONG,18.73175,18.79771,659.57,237.85,tp,USDMXN
2025-07-31 16:00:00+00:00,SHORT,18.83065,18.86632,-356.68,-133.04,sl,USDMXN
2025-08-01 11:00:00+00:00,LONG,18.85175,18.91211,603.64,239.12,tp,USDMXN
2025-08-01 16:00:00+00:00,SHORT,18.94065,18.82091,1197.43,248.26,tp,USDMXN
2025-08-07 18:00:00+00:00,LONG,18.64045,18.70585,654.0,249.23,tp,USDMXN
2025-08-08 16:00:00+00:00,SHORT,18.61025,18.55331,569.36,252.75,tp,USDMXN
2025-08-11 15:00:00+00:00,LONG,18.55705,18.61919,621.43,258.47,tp,USDMXN
2025-08-12 17:00:00+00:00,SHORT,18.65405,18.59825,558.0,262.37,tp,USDMXN
2025-08-14 14:00:00+00:00,LONG,18.62905,18.67066,416.14,263.7,tp,USDMXN
2025-08-15 15:00:00+00:00,SHORT,18.75485,18.70683,480.21,270.68,tp,USDMXN
2025-08-18 10:00:00+00:00,LONG,18.71415,18.76939,552.43,277.57,tp,USDMXN
2025-08-20 20:00:00+00:00,SHORT,18.78575,18.72269,630.64,284.34,tp,USDMXN
2025-08-21 15:00:00+00:00,LONG,18.76505,18.74252,-225.32,-164.64,sl,USDMXN
2025-08-22 13:00:00+00:00,SHORT,18.75105,18.70457,464.79,282.99,tp,USDMXN
2025-08-25 17:00:00+00:00,LONG,18.58955,18.56315,-264.0,-163.8,sl,USDMXN
2025-08-25 19:00:00+00:00,LONG,18.55775,18.63069,729.43,290.36,tp,USDMXN
2025-09-03 15:00:00+00:00,SHORT,18.72925,18.67309,561.64,293.26,tp,USDMXN
2025-09-11 15:00:00+00:00,LONG,18.60015,18.58257,-175.82,-174.79,sl,USDMXN
2025-09-11 16:00:00+00:00,SHORT,18.61395,18.56747,464.79,293.05,tp,USDMXN
2025-09-12 22:00:00+00:00,LONG,18.45325,18.4215,-317.46,-167.44,sl,USDMXN
2025-09-18 18:00:00+00:00,SHORT,18.31085,18.36499,-541.39,-161.25,sl,USDMXN
2025-09-22 17:00:00+00:00,SHORT,18.36815,18.39381,-256.61,-166.43,sl,USDMXN
2025-09-25 15:00:00+00:00,LONG,18.41175,18.45111,393.64,286.62,tp,USDMXN
2025-09-26 16:00:00+00:00,SHORT,18.47865,18.40663,720.21,299.81,tp,USDMXN
2025-10-02 16:00:00+00:00,LONG,18.35695,18.41776,608.14,303.87,tp,USDMXN
2025-10-09 18:00:00+00:00,SHORT,18.33205,18.35762,-255.75,-174.33,sl,USDMXN
2025-10-16 19:00:00+00:00,SHORT,18.37505,18.40418,-291.32,-170.78,sl,USDMXN
2025-10-17 10:00:00+00:00,LONG,18.43075,18.49975,690.0,304.41,tp,USDMXN
2025-10-17 15:00:00+00:00,SHORT,18.49305,18.41019,828.64,312.0,tp,USDMXN
2025-10-21 11:00:00+00:00,LONG,18.42325,18.46724,439.93,310.47,tp,USDMXN
2025-10-21 16:00:00+00:00,SHORT,18.43715,18.38538,517.71,318.86,tp,USDMXN
2025-10-28 12:00:00+00:00,LONG,18.38325,18.42298,397.29,320.63,tp,USDMXN
2025-11-11 14:00:00+00:00,SHORT,18.39285,18.34922,436.29,328.39,tp,USDMXN
2025-11-14 09:00:00+00:00,LONG,18.26575,18.33233,665.79,340.7,tp,USDMXN
2025-11-17 15:00:00+00:00,SHORT,18.30095,18.31771,-167.57,-202.9,sl,USDMXN
2025-11-20 19:00:00+00:00,LONG,18.30475,18.38496,802.07,345.34,tp,USDMXN
2025-11-24 12:00:00+00:00,SHORT,18.43685,18.46324,-263.89,-195.91,sl,USDMXN
2025-11-25 14:00:00+00:00,LONG,18.48185,18.44137,-404.79,-188.64,sl,USDMXN
2025-12-04 17:00:00+00:00,SHORT,18.26735,18.23144,359.14,332.7,tp,USDMXN
2025-12-08 19:00:00+00:00,LONG,18.19235,18.24221,498.64,345.08,tp,USDMXN
2025-12-09 17:00:00+00:00,SHORT,18.26685,18.21079,560.57,353.46,tp,USDMXN
2025-12-22 12:00:00+00:00,LONG,17.99225,17.97101,-212.36,-206.68,sl,USDMXN
2025-12-26 16:00:00+00:00,SHORT,17.92785,17.8833,445.5,352.55,tp,USDMXN
2025-08-19 17:00:00+00:00,LONG,10.20708,10.25937,522.94,195.97,tp,USDNOK
2025-08-21 14:00:00+00:00,SHORT,10.2232,10.17528,479.25,199.44,tp,USDNOK
2025-08-25 13:00:00+00:00,LONG,10.07319,10.11665,434.64,202.87,tp,USDNOK
2025-08-28 15:00:00+00:00,SHORT,10.11332,10.05441,589.07,208.18,tp,USDNOK
2025-09-04 10:00:00+00:00,LONG,10.0219,10.07972,578.16,212.19,tp,USDNOK
2025-09-05 16:00:00+00:00,SHORT,10.05065,10.00304,476.1,215.5,tp,USDNOK
2025-09-12 17:00:00+00:00,LONG,9.88525,9.86567,-195.77,-118.38,sl,USDNOK
2025-09-18 16:00:00+00:00,SHORT,9.81455,9.86061,-460.61,-113.7,sl,USDNOK
2025-09-19 14:00:00+00:00,LONG,9.82905,9.92011,910.56,217.5,tp,USDNOK
2025-09-22 02:00:00+00:00,SHORT,9.87631,9.90943,-331.2,-115.76,sl,USDNOK
2025-09-25 16:00:00+00:00,LONG,9.95713,10.00815,510.24,217.49,tp,USDNOK
2025-11-05 14:00:00+00:00,SHORT,10.22436,10.24601,-216.46,-118.72,sl,USDNOK
2025-11-06 17:00:00+00:00,LONG,10.18768,10.2304,427.24,218.53,tp,USDNOK
2025-11-10 10:00:00+00:00,SHORT,10.14613,10.10149,446.4,223.04,tp,USDNOK
2025-11-12 16:00:00+00:00,LONG,10.05215,10.08921,370.65,226.27,tp,USDNOK
2025-11-13 14:00:00+00:00,SHORT,10.06862,10.03843,301.91,229.13,tp,USDNOK
2025-11-14 10:00:00+00:00,LONG,10.0146,10.05632,417.24,235.89,tp,USDNOK
2025-11-18 08:00:00+00:00,SHORT,10.10963,10.12632,-166.95,-131.13,sl,USDNOK
2025-11-19 19:00:00+00:00,LONG,10.15107,10.19298,419.1,237.96,tp,USDNOK
2025-11-28 16:00:00+00:00,SHORT,10.18629,10.14759,387.0,242.08,tp,USDNOK
2025-12-05 17:00:00+00:00,SHORT,10.10895,10.07523,337.18,245.77,tp,USDNOK
2025-12-09 11:00:00+00:00,LONG,10.12155,10.10229,-192.59,-136.37,sl,USDNOK
2025-12-09 17:00:00+00:00,SHORT,10.13025,10.1439,-136.5,-137.8,sl,USDNOK
2025-12-12 12:00:00+00:00,LONG,10.06585,10.09503,291.81,243.99,tp,USDNOK
2025-12-18 15:00:00+00:00,SHORT,10.21542,10.17822,371.96,250.7,tp,USDNOK
2025-12-19 11:00:00+00:00,LONG,10.1631,10.19604,329.44,254.61,tp,USDNOK
2025-12-22 11:00:00+00:00,SHORT,10.11997,10.13356,-135.92,-144.43,sl,USDNOK
2025-05-29 15:00:00+00:00,LONG,3.75499,3.74417,-108.16,-103.7,sl,USDPLN
2025-05-29 20:00:00+00:00,SHORT,3.7565,3.72701,294.9,195.24,tp,USDPLN
2025-06-09 10:00:00+00:00,LONG,3.7558,3.74526,-105.41,-104.74,sl,USDPLN
2025-06-17 10:00:00+00:00,SHORT,3.6926,3.70323,-106.26,-103.63,sl,USDPLN
2025-06-23 09:00:00+00:00,LONG,3.7184,3.70607,-123.27,-102.04,sl,USDPLN
2025-07-08 16:00:00+00:00,SHORT,3.6152,3.62441,-92.12,-102.06,sl,USDPLN
2025-07-11 17:00:00+00:00,LONG,3.6316,3.65027,186.71,189.43,tp,USDPLN
2025-07-15 17:00:00+00:00,SHORT,3.6552,3.66457,-93.75,-102.9,sl,USDPLN
2025-08-01 16:00:00+00:00,SHORT,3.7473,3.71766,296.44,192.68,tp,USDPLN
2025-08-08 17:00:00+00:00,LONG,3.6494,3.64041,-89.9,-104.01,sl,USDPLN
2025-08-12 16:00:00+00:00,SHORT,3.6701,3.65342,166.76,192.36,tp,USDPLN
2025-08-14 13:00:00+00:00,LONG,3.64367,3.63808,-55.92,-107.65,sl,USDPLN
2025-08-22 18:00:00+00:00,SHORT,3.674,3.64971,242.91,195.51,tp,USDPLN
2025-08-29 17:00:00+00:00,LONG,3.6529,3.64509,-78.13,-106.53,sl,USDPLN
2025-09-01 09:00:00+00:00,SHORT,3.6535,3.63811,153.88,195.35,tp,USDPLN
2025-09-02 11:00:00+00:00,LONG,3.64063,3.65511,144.84,198.82,tp,USDPLN
2025-09-03 17:00:00+00:00,SHORT,3.6576,3.64349,141.09,202.53,tp,USDPLN
2025-09-09 15:00:00+00:00,LONG,3.6119,3.62518,132.84,206.09,tp,USDPLN
2025-09-11 16:00:00+00:00,SHORT,3.649,3.63364,153.6,210.97,tp,USDPLN
2025-09-12 15:00:00+00:00,LONG,3.6247,3.6354,106.99,212.58,tp,USDPLN
2025-09-15 11:00:00+00:00,SHORT,3.626,3.61588,101.21,216.19,tp,USDPLN
2025-09-24 13:00:00+00:00,LONG,3.6166,3.62856,119.61,221.74,tp,USDPLN
2025-10-01 15:00:00+00:00,SHORT,3.63275,3.61892,138.34,227.08,tp,USDPLN
2025-10-06 10:00:00+00:00,LONG,3.6269,3.64001,131.14,231.12,tp,USDPLN
2025-10-17 06:00:00+00:00,SHORT,3.6441,3.63056,135.36,235.83,tp,USDPLN
2025-10-20 14:00:00+00:00,LONG,3.63389,3.64446,105.71,238.35,tp,USDPLN
2025-10-24 11:00:00+00:00,SHORT,3.64405,3.64794,-38.93,-139.22,sl,USDPLN
2025-10-29 14:00:00+00:00,LONG,3.6379,3.64766,97.63,239.48,tp,USDPLN
2025-11-06 11:00:00+00:00,SHORT,3.6946,3.6982,-36.0,-141.39,sl,USDPLN
2025-11-14 14:00:00+00:00,LONG,3.63854,3.63228,-62.55,-133.88,sl,USDPLN
2025-11-17 17:00:00+00:00,SHORT,3.64179,3.6492,-74.11,-131.22,sl,USDPLN
2025-11-18 18:00:00+00:00,LONG,3.65434,3.66391,95.66,236.07,tp,USDPLN
2025-11-19 14:00:00+00:00,SHORT,3.6648,3.65044,143.64,244.1,tp,USDPLN
2025-11-21 11:00:00+00:00,LONG,3.67173,3.68138,96.49,245.36,tp,USDPLN
2025-11-24 13:00:00+00:00,SHORT,3.6782,3.66684,113.57,251.69,tp,USDPLN
2025-11-26 12:00:00+00:00,LONG,3.64388,3.65883,149.51,258.8,tp,USDPLN
2025-12-01 13:00:00+00:00,SHORT,3.65297,3.63635,166.18,264.56,tp,USDPLN
2025-12-10 09:00:00+00:00,LONG,3.63607,3.62948,-65.87,-146.58,sl,USDPLN
2025-12-12 16:00:00+00:00,LONG,3.6,3.59536,-46.45,-148.5,sl,USDPLN
2025-12-19 09:00:00+00:00,SHORT,3.58949,3.59626,-67.71,-143.23,sl,USDPLN
2025-12-19 16:00:00+00:00,LONG,3.58982,3.58503,-47.88,-144.98,sl,USDPLN
2025-12-22 11:00:00+00:00,SHORT,3.58775,3.59189,-41.36,-145.16,sl,USDPLN
2025-06-04 04:00:00+00:00,SHORT,1.28822,1.29037,-21.46,-104.97,sl,USDSGD
2025-06-12 12:00:00+00:00,SHORT,1.2828,1.27953,32.68,191.44,tp,USDSGD
2025-06-13 06:00:00+00:00,LONG,1.27798,1.28243,44.46,196.89,tp,USDSGD
2025-06-23 20:00:00+00:00,SHORT,1.29032,1.28557,47.53,201.05,tp,USDSGD
2025-07-01 18:00:00+00:00,LONG,1.27054,1.27383,32.87,202.88,tp,USDSGD
2025-07-21 18:00:00+00:00,SHORT,1.28239,1.2798,25.86,204.93,tp,USDSGD
2025-07-28 16:00:00+00:00,LONG,1.28184,1.28488,30.41,210.2,tp,USDSGD
2025-07-30 13:00:00+00:00,SHORT,1.2878,1.28919,-13.91,-119.54,sl,USDSGD
2025-07-30 16:00:00+00:00,LONG,1.2896,1.29354,39.43,213.72,tp,USDSGD
2025-08-01 16:00:00+00:00,SHORT,1.29866,1.29319,54.71,219.57,tp,USDSGD
2025-08-14 17:00:00+00:00,LONG,1.2811,1.28401,29.14,219.97,tp,USDSGD
2025-08-21 09:00:00+00:00,SHORT,1.28549,1.2866,-11.13,-127.51,sl,USDSGD
2025-09-02 10:00:00+00:00,LONG,1.2842,1.2858,16.05,214.88,tp,USDSGD
2025-09-05 16:00:00+00:00,SHORT,1.28673,1.28381,29.25,225.92,tp,USDSGD
2025-09-12 15:00:00+00:00,LONG,1.28124,1.28369,24.54,228.6,tp,USDSGD
2025-10-15 09:00:00+00:00,SHORT,1.29746,1.29473,27.28,234.04,tp,USDSGD
2025-10-29 11:00:00+00:00,LONG,1.29339,1.29591,25.16,237.72,tp,USDSGD
2025-11-12 03:00:00+00:00,SHORT,1.30181,1.30304,-12.33,-137.44,sl,USDSGD
2025-11-13 10:00:00+00:00,SHORT,1.30264,1.30019,24.54,239.37,tp,USDSGD
2025-12-01 14:00:00+00:00,LONG,1.29572,1.29429,-14.34,-137.01,sl,USDSGD
2025-12-04 05:00:00+00:00,LONG,1.29428,1.2963,20.19,238.96,tp,USDSGD
2025-12-11 01:00:00+00:00,SHORT,1.29448,1.29228,22.03,244.63,tp,USDSGD
2025-12-18 15:00:00+00:00,LONG,1.28971,1.28785,-18.57,-138.51,sl,USDSGD
2025-12-26 02:00:00+00:00,SHORT,1.28357,1.28469,-11.21,-141.93,sl,USDSGD
2025-05-29 13:00:00+00:00,LONG,17.90855,17.85413,-544.18,-105.01,sl,USDZAR
2025-06-16 12:00:00+00:00,SHORT,18.00705,17.80986,1971.86,195.16,tp,USDZAR
2025-06-17 18:00:00+00:00,LONG,17.84965,17.95369,1040.36,196.51,tp,USDZAR
2025-06-27 12:00:00+00:00,SHORT,17.85135,17.90428,-529.29,-108.17,sl,USDZAR
2025-07-02 18:00:00+00:00,LONG,17.64315,17.60282,-403.29,-108.67,sl,USDZAR
2025-07-03 11:00:00+00:00,SHORT,17.57265,17.50446,681.86,193.34,tp,USDZAR
2025-07-04 12:00:00+00:00,LONG,17.52205,17.59804,759.86,197.9,tp,USDZAR
2025-07-14 13:00:00+00:00,SHORT,17.94075,17.84777,929.79,203.08,tp,USDZAR
2025-07-16 18:00:00+00:00,LONG,17.88825,17.84434,-439.07,-113.27,sl,USDZAR
2025-07-18 10:00:00+00:00,SHORT,17.81575,17.74891,668.36,202.41,tp,USDZAR
2025-07-22 12:00:00+00:00,LONG,17.63005,17.60077,-292.82,-117.55,sl,USDZAR
2025-07-22 15:00:00+00:00,SHORT,17.64585,17.5683,775.5,205.23,tp,USDZAR
2025-07-24 11:00:00+00:00,LONG,17.53055,17.61266,821.14,209.62,tp,USDZAR
2025-08-01 16:00:00+00:00,SHORT,18.30145,18.13332,1681.29,217.43,tp,USDZAR
2025-08-11 15:00:00+00:00,LONG,17.71845,17.78728,688.29,216.43,tp,USDZAR
2025-08-12 17:00:00+00:00,SHORT,17.72745,17.64291,845.36,222.28,tp,USDZAR
2025-08-18 11:00:00+00:00,LONG,17.57315,17.63696,638.14,224.13,tp,USDZAR
2025-08-22 11:00:00+00:00,SHORT,17.72575,17.66367,620.79,228.13,tp,USDZAR
2025-08-25 15:00:00+00:00,LONG,17.47345,17.55694,834.86,235.24,tp,USDZAR
2025-09-03 12:00:00+00:00,SHORT,17.71315,17.61951,936.43,240.67,tp,USDZAR
2025-09-24 13:00:00+00:00,LONG,17.23155,17.29099,594.43,241.1,tp,USDZAR
2025-09-25 15:00:00+00:00,SHORT,17.35105,17.39248,-414.32,-137.24,sl,USDZAR
2025-10-10 17:00:00+00:00,LONG,17.20975,17.28064,708.86,244.97,tp,USDZAR
2025-10-17 09:00:00+00:00,SHORT,17.33575,17.37259,-368.36,-139.45,sl,USDZAR
2025-10-17 21:00:00+00:00,LONG,17.39615,17.35073,-454.18,-136.16,sl,USDZAR
2025-10-23 11:00:00+00:00,SHORT,17.42355,17.36094,626.14,243.09,tp,USDZAR
2025-10-24 15:00:00+00:00,LONG,17.32105,17.2902,-308.46,-140.96,sl,USDZAR
2025-10-24 16:00:00+00:00,SHORT,17.33305,17.25372,793.29,247.4,tp,USDZAR
2025-10-28 10:00:00+00:00,LONG,17.21055,17.28694,763.93,251.83,tp,USDZAR
2025-10-28 19:00:00+00:00,SHORT,17.22245,17.13939,830.57,257.45,tp,USDZAR
2025-10-29 21:00:00+00:00,LONG,17.08005,17.18938,1093.29,264.57,tp,USDZAR
2025-11-10 12:00:00+00:00,SHORT,17.25715,17.18284,743.14,266.48,tp,USDZAR
2025-11-14 09:00:00+00:00,LONG,17.03375,17.11689,831.43,272.71,tp,USDZAR
2025-11-17 17:00:00+00:00,SHORT,17.08985,17.12479,-349.39,-154.92,sl,USDZAR
2025-11-19 08:00:00+00:00,LONG,17.19825,17.1538,-444.54,-150.88,sl,USDZAR
2025-11-24 12:00:00+00:00,SHORT,17.31325,17.34568,-324.32,-152.48,sl,USDZAR
2025-12-02 12:00:00+00:00,LONG,17.09265,17.13688,442.29,261.09,tp,USDZAR
2025-12-04 13:00:00+00:00,SHORT,17.04055,16.97911,614.36,270.89,tp,USDZAR
2025-12-08 16:00:00+00:00,LONG,16.94835,16.99251,441.64,271.05,tp,USDZAR
2025-12-23 09:00:00+00:00,SHORT,16.74135,16.67616,651.86,282.0,tp,USDZAR
2025-06-02 15:00:00+00:00,LONG,33.2085,33.56743,358.93,199.44,tp,XAGUSD
2025-06-05 12:00:00+00:00,SHORT,34.5815,34.92746,-345.96,-102.29,sl,XAGUSD
2025-06-11 12:00:00+00:00,SHORT,36.5805,36.11679,463.71,201.51,tp,XAGUSD
2025-06-13 05:00:00+00:00,LONG,36.1265,36.61636,489.86,205.55,tp,XAGUSD
2025-06-20 05:00:00+00:00,SHORT,36.6165,36.165,451.5,209.62,tp,XAGUSD
2025-06-26 12:00:00+00:00,LONG,36.4025,36.75929,356.79,213.68,tp,XAGUSD
2025-06-27 10:00:00+00:00,SHORT,36.6645,36.30857,355.93,217.94,tp,XAGUSD
2025-07-01 10:00:00+00:00,LONG,36.0275,36.35386,326.36,222.23,tp,XAGUSD
2025-07-03 08:00:00+00:00,SHORT,36.5695,36.73332,-163.82,-114.37,sl,XAGUSD
2025-07-03 09:00:00+00:00,LONG,36.4235,36.71557,292.07,224.3,tp,XAGUSD
2025-07-14 23:00:00+00:00,SHORT,38.8125,38.097,715.5,229.23,tp,XAGUSD
2025-07-18 10:00:00+00:00,LONG,38.1055,38.38021,274.71,233.28,tp,XAGUSD
2025-07-24 06:00:00+00:00,SHORT,39.2995,38.87114,428.36,238.24,tp,XAGUSD
2025-08-01 16:00:00+00:00,LONG,36.4485,36.96536,516.86,243.1,tp,XAGUSD
2025-08-13 09:00:00+00:00,SHORT,38.0415,38.32586,-284.36,-124.65,sl,XAGUSD
2025-08-19 05:00:00+00:00,SHORT,38.0645,37.75379,310.71,245.14,tp,XAGUSD
2025-08-20 16:00:00+00:00,LONG,37.1825,37.57079,388.29,250.19,tp,XAGUSD
2025-08-21 15:00:00+00:00,SHORT,37.7655,37.89761,-132.11,-128.89,sl,XAGUSD
2025-08-21 16:00:00+00:00,LONG,37.7215,38.07443,352.93,252.55,tp,XAGUSD
2025-09-02 17:00:00+00:00,SHORT,40.4755,40.7215,-246.0,-129.68,sl,XAGUSD
2025-09-05 16:00:00+00:00,LONG,40.7875,41.22271,435.21,255.13,tp,XAGUSD
2025-09-16 16:00:00+00:00,SHORT,42.6955,42.94386,-248.36,-130.94,sl,XAGUSD
2025-09-19 06:00:00+00:00,LONG,41.7385,42.21079,472.29,257.66,tp,XAGUSD
2025-09-30 12:00:00+00:00,SHORT,46.7395,46.02529,714.21,262.99,tp,XAGUSD
2025-10-01 05:00:00+00:00,LONG,46.6925,47.46929,776.79,268.27,tp,XAGUSD
2025-10-02 18:00:00+00:00,SHORT,47.4585,46.44171,1016.79,273.72,tp,XAGUSD
2025-10-08 08:00:00+00:00,LONG,47.8805,48.89064,1010.14,279.18,tp,XAGUSD
2025-10-09 20:00:00+00:00,SHORT,50.2195,48.45421,1765.29,284.88,tp,XAGUSD
2025-10-17 07:00:00+00:00,LONG,53.4055,54.40064,995.14,290.45,tp,XAGUSD
2025-10-21 10:00:00+00:00,SHORT,52.3965,51.15943,1237.07,296.31,tp,XAGUSD
2025-11-10 08:00:00+00:00,LONG,48.5265,49.52721,1000.71,302.17,tp,XAGUSD
2025-11-14 16:00:00+00:00,SHORT,51.8245,50.31293,1511.57,308.31,tp,XAGUSD
2025-11-18 21:00:00+00:00,LONG,49.7015,51.03736,1335.86,314.45,tp,XAGUSD
2025-11-20 18:00:00+00:00,SHORT,51.6985,50.27757,1420.93,320.75,tp,XAGUSD
2025-11-28 17:00:00+00:00,LONG,54.1795,55.62507,1445.57,327.16,tp,XAGUSD
2025-12-04 08:00:00+00:00,SHORT,58.7495,57.13079,1618.71,333.73,tp,XAGUSD
2025-12-05 08:00:00+00:00,LONG,57.1815,58.3365,1155.0,340.31,tp,XAGUSD
2025-12-09 11:00:00+00:00,SHORT,58.2195,58.62418,-404.68,-174.14,sl,XAGUSD
2025-12-09 18:00:00+00:00,LONG,59.0945,60.39243,1297.93,343.67,tp,XAGUSD
2025-12-12 18:00:00+00:00,SHORT,64.3625,62.594,1768.5,350.61,tp,XAGUSD
2025-12-17 04:00:00+00:00,LONG,63.8015,65.40757,1606.07,357.59,tp,XAGUSD
2025-12-26 01:00:00+00:00,SHORT,71.9605,72.89736,-936.86,-182.68,sl,XAGUSD
2025-06-13 03:00:00+00:00,LONG,3383.36,3398.945,1558.5,199.36,tp,XAUUSD
2025-06-16 17:00:00+00:00,SHORT,3415.85,3388.37,2748.0,203.62,tp,XAUUSD
2025-06-23 01:00:00+00:00,LONG,3357.15,3378.69643,2154.64,207.58,tp,XAUUSD
2025-06-30 01:30:00+00:00,SHORT,3272.49,3250.32643,2216.36,211.73,tp,XAUUSD
2025-07-14 15:30:00+00:00,LONG,3361.3,3352.56143,-873.86,-108.84,sl,XAUUSD
2025-07-28 17:00:00+00:00,SHORT,3328.52,3309.79357,1872.64,213.7,tp,XAUUSD
2025-08-01 16:00:00+00:00,LONG,3302.44,3325.20357,2276.36,218.06,tp,XAUUSD
2025-08-07 11:30:00+00:00,SHORT,3396.31,3377.22357,1908.64,222.32,tp,XAUUSD
2025-08-14 03:30:00+00:00,LONG,3362.77,3373.79714,1102.71,226.32,tp,XAUUSD
2025-08-14 11:00:00+00:00,SHORT,3362.59,3345.62714,1696.29,231.19,tp,XAUUSD
2025-08-18 03:30:00+00:00,LONG,3327.09,3339.95357,1286.36,235.58,tp,XAUUSD
2025-08-21 14:00:00+00:00,SHORT,3339.32,3327.85143,1146.86,240.16,tp,XAUUSD
2025-08-22 17:30:00+00:00,LONG,3334.5,3354.135,1963.5,245.39,tp,XAUUSD
2025-08-26 02:30:00+00:00,SHORT,3364.14,3355.20643,893.36,249.52,tp,XAUUSD
2025-08-26 03:30:00+00:00,LONG,3354.98,3370.01,1503.0,255.06,tp,XAUUSD
2025-10-09 17:00:00+00:00,SHORT,4055.33,4025.15429,3017.57,260.58,tp,XAUUSD
2025-11-10 03:30:00+00:00,LONG,4020.22,4049.91357,2969.36,265.78,tp,XAUUSD
2025-11-12 01:30:00+00:00,SHORT,4125.58,4140.29179,-1471.18,-136.23,sl,XAUUSD
2025-11-12 17:30:00+00:00,LONG,4136.49,4170.83571,3434.57,268.43,tp,XAUUSD
2025-11-14 15:30:00+00:00,SHORT,4116.0,4056.22286,5977.71,273.96,tp,XAUUSD
